product,rating,rating count,price,product url
"KOORUI 27 Inch QHD Gaming Monitor 144 Hz, VA, 1ms, DCI-P3 90% Color Gamut, FreeSync G-Sync Compatible, (2560x1440, HDMI, DisplayPort) Black  ",4.3,"3,546  ",158.99,https://amazon.com/sspa/click?ie=UTF8&spc=MTo4NjgzMTMyNDM4MzYwNzk6MTY4NzM5MTEzNTpzcF9hdGY6MjAwMDkxODczMjQ1ODk4OjowOjo&url=%2FKOORUI-FreeSync-Compatible-2560x1440-DisplayPort%2Fdp%2FB0B1B3VZLD%2Fref%3Dsr_1_1_sspa%3Fkeywords%3Dpc%26qid%3D1687391135%26sr%3D8-1-spons%26sp_csd%3Dd2lkZ2V0TmFtZT1zcF9hdGY%26psc%3D1
"Beelink Mini PC, Mini S12 Pro Intel 12th Gen 4-Core N100(up to 3.4GHz), Mini Computer 16GB DDR4 RAM 500GB SSD, Desktop PC Dual HDMI 4K UHD/Gigabit Ethernet/WiFi6/BT5.2/Linux PC(Ubuntu)/HTPC  ",4.3,503  ,239.0,https://amazon.com/sspa/click?ie=UTF8&spc=MTo4NjgzMTMyNDM4MzYwNzk6MTY4NzM5MTEzNTpzcF9hdGY6MjAwMTQ5NDQ0MDMzOTk4OjowOjo&url=%2FBeelink-SEI10-i3-10110U-Computer-Performance%2Fdp%2FB08XBVXNFP%2Fref%3Dsr_1_2_sspa%3Fkeywords%3Dpc%26qid%3D1687391135%26sr%3D8-2-spons%26sp_csd%3Dd2lkZ2V0TmFtZT1zcF9hdGY%26psc%3D1
"STGAubron Gaming Desktop PC, Intel Core I5 3.3Ghz up to 3.7Ghz, AMD Radeon RX 550 4G GDDR5, 16G Ram, 512G SSD, WiFi, BT 5.0, RGB Fan x 3, RGB Keybaord & Mouse, RGB Mouse Pad, W10H64  ",3.5,133  ,349.99,https://amazon.com/STGAubron-Gaming-Desktop-3-3Ghz-Keybaord/dp/B0BRL5PF1L/ref=sr_1_3?keywords=pc&qid=1687391135&sr=8-3
"HP EliteDesk Desktop RGB Lights Computer AMD A-Series Processor, Windows 10 Pro 64-bit, Wi-Fi, Gaming PC Keyboard & Mouse (Renewed) (8 GB RAM, 256 GB SSD)  ",3.3,170  ,111.34,https://amazon.com/HP-EliteDesk-Computer-Processor-Keyboard/dp/B0B8B615PL/ref=sr_1_4?keywords=pc&qid=1687391135&sr=8-4
"Alarco Gaming PC Desktop Computer Intel i5 3.10GHz,8GB Ram,512 GB SSD,Windows 10 pro,WiFi Ready,Video Card Nvidia GTX 750 Ti 4GB, 6 RGB Fans with Remote  ",3.5,11  ,399.99,https://amazon.com/Alarco-Desktop-Computer-3-10GHz-Windows/dp/B0BXM9X8CF/ref=sr_1_5?keywords=pc&qid=1687391135&sr=8-5
"iBuyPower SlateMR Gaming PC Computer Desktop SlateMR 2130V2 (AMD Ryzen 5 4500 3.6 GHz, Radeon RX 560 4 GB, 8 GB DDR4 RAM, 500 GB NVMe SSD, WiFi Ready, Windows 11 Home)  ",4.2,"2,749  ",584.99,https://amazon.com/iBuyPower-SlateMR-Computer-Desktop-Windows/dp/B0BT4LYQGQ/ref=sr_1_6?keywords=pc&qid=1687391135&sr=8-6
"Skytech Archangel Gaming PC Desktop – AMD Ryzen 5 3600 3.6 GHz, NVIDIA RTX 3050, 500GB NVME SSD, 8GB DDR4 RAM 3200, 600W Gold PSU, 11AC Wi-Fi, Windows 11 Home 64-bit  ",4.6,49  ,799.99,https://amazon.com/Skytech-Archangel-Gaming-PC-Desktop/dp/B0BRBQF5SC/ref=sr_1_7?keywords=pc&qid=1687391135&sr=8-7
"HP ProDesk Desktop RGB Lights Computer Intel Core i5 4570 3.2 GHz 8GB RAM 256GB SSD Win 10 Pro WiFi, Gaming PC Keyboard, Mouse(Renewed)  ",4.0,426  ,120.95,https://amazon.com/HP-ProDesk-Customized-Computer-Keyboard/dp/B09S42J71N/ref=sr_1_8?keywords=pc&qid=1687391135&sr=8-8
"Dell PC Treasure Box RGB Desktop Computer Intel Quad Core I5 up to 3.6G, 16G, 512G SSD, WiFi & Bluetooth, RGB Gaming PC Keyboard & Mouse, DVD, Windows 10 Pro (Renewed) (Diamond Black)  ",4.3,"3,424  ",159.99,https://amazon.com/Dell-Treasure-Desktop-Computer-Bluetooth/dp/B0BB37DG68/ref=sr_1_9?keywords=pc&qid=1687391135&sr=8-9
"Thermaltake Glacier 360 Liquid-Cooled PC (AMD Ryzen 5 5600X, RTX 3060, 16GB 3600Mhz DDR4 ToughRAM RGB Memory, 1TB NVMe M.2, WiFi, Win 10 Home) Gaming Desktop Computer S3WT-B550-G36-LCS  ",4.3,248  ,1268.99,https://amazon.com/Thermaltake-Liquid-Cooled-ToughRAM-Computer-S3WT-B550-G36-LCS/dp/B09FYNM2GW/ref=sr_1_10?keywords=pc&qid=1687391135&sr=8-10
"lenovo ThinkCentre M73 SFF Small Form Factor Business Desktop Computer, Intel Dual-Core i3-4130 3.4GHz, 8GB RAM, 500GB HDD, USB 3.0, WiFi, DVD, Windows 10 Professional (Renewed)  ",4.3,523  ,69.99,https://amazon.com/Lenovo-ThinkCentre-M73-Professional-Refurbished/dp/B07798GCN7/ref=sr_1_11?keywords=pc&qid=1687391135&sr=8-11
"MXZ Gaming Desktop PC Computer I3 13100F,GTX1660S,16G DDR4, NVME 500GB SSD, 6 RBG Fans, Windows 10 Pro Ready to use (I3 13100F| GTX1660S)  ",4.3,18  ,739.0,https://amazon.com/sspa/click?ie=UTF8&spc=MTo4NjgzMTMyNDM4MzYwNzk6MTY4NzM5MTEzNTpzcF9tdGY6MjAwMTc5NzU2MjAwMDk4OjowOjo&url=%2FMXZ-Desktop-Computer-GTX1660S-Windows%2Fdp%2FB0C5D3CRV3%2Fref%3Dsr_1_12_sspa%3Fkeywords%3Dpc%26qid%3D1687391135%26sr%3D8-12-spons%26sp_csd%3Dd2lkZ2V0TmFtZT1zcF9tdGY%26psc%3D1
"Dell PC Black Treasure Box RGB Desktop Quad Core I5 up to 3.6G, 16G, 512G SSD, WiFi, BT, RGB Keyboard & Mouse, DVD, New 22"" 1080P FHD LED, RGB Sound Bar, Webcam, Win 10 Pro(Renewed)  ",4.1,"2,212  ",249.99,https://amazon.com/Dell-Treasure-Desktop-Keyboard-Renewed/dp/B0BHNWFXW3/ref=sr_1_13?keywords=pc&qid=1687391135&sr=8-13
"STGAubron Gaming Diamond Desktop, Intel Core I7 3.4 GHz up to 3.9 GHz, GTX 1660 Ti 6G GDDR6, 16G RAM, 512G SSD, WIFI, BT 5.0, RGB Fan x 6, RGB Keyboard & Mouse, RGB Mouse Pad, RGB BT Sound Bar, W10H64  ",3.9,27  ,519.99,https://amazon.com/STGAubron-Gaming-Diamond-Desktop-Keyboard/dp/B0BVBWRTGH/ref=sr_1_14?keywords=pc&qid=1687391135&sr=8-14
"Alarco Gaming PC Desktop Computer Intel i7 3.40GHz,16GB Ram,1TB Hard Drive,Windows 10 pro,WiFi Ready,Video Card Nvidia GTX 750 4GB, 3 RGB Fans with Remote  ",3.5,113  ,469.99,https://amazon.com/Desktop-Computer-Alarco-3-40GHz-Windows/dp/B09YMXQMPY/ref=sr_1_15?keywords=pc&qid=1687391135&sr=8-15
DELL Optiplex 3020 SFF Desktop PC - Intel Core i5-4570 3.2GHz 8GB 500GB DVDRW Windows 10 Professional (Renewed)']  ,4.2,"1,105  ",75.99,https://amazon.com/Dell-Optiplex-3020-SFF-Desktop/dp/B075WYN1JL/ref=sr_1_16?keywords=pc&qid=1687391135&sr=8-16
"KAMRUI Mini PC,12th Intel Alder Lake- N95 up to 3.4 GHz,8GB RAM+256GB M.2 SSD, Windows 11 Pro Mini Computer,Support 2.5"" SATA SSD,WiFi 2.4G/5G,Bluetooth4.2,Triple Display,4K Reliable Office Small PC  ",4.5,132  ,199.99,https://amazon.com/sspa/click?ie=UTF8&spc=MTo4NjgzMTMyNDM4MzYwNzk6MTY4NzM5MTEzNTpzcF9tdGY6MzAwMDAzMjE2MzcxODAyOjowOjo&url=%2FKAMRUI-Windows-Computer-Bluetooth4-2-Reliable%2Fdp%2FB0BZVSSJSW%2Fref%3Dsr_1_17_sspa%3Fkeywords%3Dpc%26qid%3D1687391135%26sr%3D8-17-spons%26sp_csd%3Dd2lkZ2V0TmFtZT1zcF9tdGY%26psc%3D1
"Dell OptiPlex Computer Desktop PC, Intel Core i5 3rd Gen 3.2 GHz, 16GB RAM, 2TB HDD, New 22 Inch LED Monitor, RGB Keyboard and Mouse, WiFi, Windows 10 Pro (Renewed)  ",3.8,"1,639  ",213.98,https://amazon.com/Dell-OptiPlex-Computer-Desktop-Keyboard/dp/B09TN242Q5/ref=sr_1_18?keywords=pc&qid=1687391135&sr=8-18
"ViprTech Mutineer Gaming PC Desktop - Intel Core i7 (3.8GHz), GeForce GTX 1660 Super 6GB, 16GB RAM, 512GB NVMe SSD, RGB Keyboard Mouse Mousepad, WiFi, Bluetooth, Win 10 Pro, Streaming, Editing, Black  ",4.4,13  ,559.99,https://amazon.com/ViprTech-Mutineer-Gaming-Desktop-Bluetooth/dp/B0C29FCJKR/ref=sr_1_19?keywords=pc&qid=1687391135&sr=8-19
"STGAubron Gaming Desktop PC,Intel Core I5 3.3Ghz up to 3.7Ghz,GeForce RTX 2060 6G GDDR6,16G RAM,512G SSD,WiFi,BT 5.0,RGB Fan x 3,RGB Keybaord & Mouse,RGB Mouse Pad,RGB Bluetooth Sound Bar,W10H64  ",3.3,38  ,449.99,https://amazon.com/STGAubron-Desktop-GeForce-Keybaord-Bluetooth/dp/B0BRL6XHKW/ref=sr_1_20?keywords=pc&qid=1687391135&sr=8-20
"comica VM30 Shotgun Microphone - Professional Wireless Mic for Camera, Smartphone, and PC with 70/150Hz, 328' Range, Digital/Analog Output- Perfect for Video Recording, Podcasting, and Vlogging  ",4.5,7  ,189.0,https://amazon.com/sspa/click?ie=UTF8&spc=MTo4NjgzMTMyNDM4MzYwNzk6MTY4NzM5MTEzNTpzcF9idGY6MjAwMTc3MzEyNzkxNTk4OjowOjo&url=%2Fcomica-VM30-Shotgun-Microphone-Professional%2Fdp%2FB0C5LG43CS%2Fref%3Dsr_1_21_sspa%3Fkeywords%3Dpc%26qid%3D1687391135%26sr%3D8-21-spons%26sp_csd%3Dd2lkZ2V0TmFtZT1zcF9idGY%26psc%3D1
"MXZ Gaming Desktop Computer, AMD Ryzen 5 5500, RTX 3060 12GB,16GB DDR4, 6RGB Fans, Win 10 Pro Ready, Gamer Desktop Computer(R5 5500| RTX3060)  ",4.1,36  ,899.0,https://amazon.com/sspa/click?ie=UTF8&spc=MTo4NjgzMTMyNDM4MzYwNzk6MTY4NzM5MTEzNTpzcF9idGY6MjAwMDk4ODMzOTI1MDk4OjowOjo&url=%2FMXZ-Gaming-Desktop-Computer-RTX3060%2Fdp%2FB0BGLK22QZ%2Fref%3Dsr_1_22_sspa%3Fkeywords%3Dpc%26qid%3D1687391135%26sr%3D8-22-spons%26sp_csd%3Dd2lkZ2V0TmFtZT1zcF9idGY%26psc%3D1
"YABER V10 5G WiFi Bluetooth Projector, 15000L Full HD Native 1080P Projector 4K Support, 2023 Upgraded 4D/4P Keystone&Zoom, Home Theater&Outdoor Video Projector for Smartphone/TV Stick/PC/PPT/PS5  ",4.4,965  ,279.99,https://amazon.com/sspa/click?ie=UTF8&spc=MTo0NTI4OTc4NDM1Nzc1ODQ2OjE2ODczOTExMzk6c3BfYXRmX25leHQ6MjAwMTcxMDUyODgxNjk4OjowOjo&url=%2FYABER-V10-Bluetooth-Projector-Carrying%2Fdp%2FB096RRP5V7%2Fref%3Dsr_1_17_sspa%3Fkeywords%3Dpc%26qid%3D1687391139%26sr%3D8-17-spons%26sp_csd%3Dd2lkZ2V0TmFtZT1zcF9hdGZfbmV4dA%26psc%3D1
"papalook Webcam 1080P, AF925 Autofocus Web Camera Full HD Video Stream, 65° Viewing Angle, Noise Canceling Microphone, Works with OBS, Skype, YouTube, Twitch, for PC/Mac/Laptop/Desktop/MacBook  ",4.4,"1,066  ",27.99,https://amazon.com/sspa/click?ie=UTF8&spc=MTo0NTI4OTc4NDM1Nzc1ODQ2OjE2ODczOTExMzk6c3BfYXRmX25leHQ6MjAwMDI3NzY0MjQ3MjMxOjowOjo&url=%2FAF925-Widescreen-360-Degree-Reduction-Microphone%2Fdp%2FB07HGXGKQD%2Fref%3Dsr_1_18_sspa%3Fkeywords%3Dpc%26qid%3D1687391139%26sr%3D8-18-spons%26sp_csd%3Dd2lkZ2V0TmFtZT1zcF9hdGZfbmV4dA%26psc%3D1
"STGAubron Gaming Desktop PC,Intel Core I7 3.4 GHz up to 3.9 GHz,GeForce RTX 2060 6G GDDR6,16G RAM,512G SSD,WiFi,BT 5.0,RGB Fanx6,RGB Keyboard&Mouse,RGB Mouse Pad,RGB BT Sound Bar,W10H64  ",3.4,55  ,509.99,https://amazon.com/STGAubron-Desktop-Computer-GeForce-Keyboard/dp/B0BK54BHL7/ref=sr_1_19?keywords=pc&qid=1687391139&sr=8-19
"lenovo ThinkCentre M73 SFF Small Form Factor Business Desktop Computer, Intel Dual-Core i3-4130 3.4GHz, 8GB RAM, 500GB HDD, USB 3.0, WiFi, DVD, Windows 10 Professional (Renewed)  ",4.3,523  ,69.99,https://amazon.com/Lenovo-ThinkCentre-M73-Professional-Refurbished/dp/B07798GCN7/ref=sr_1_20?keywords=pc&qid=1687391139&sr=8-20
"ViprTech Prime Gaming PC Computer Desktop - Intel Core i5 3rd Gen, GeForce GTX 750 4GB, 16GB RAM, 1TB HDD, WiFi, RGB Lighting, Windows 10 Pro, Streaming, Editing, White  ",3.6,50  ,489.99,https://amazon.com/ViprTech-Prime-Gaming-Computer-Desktop/dp/B0BJM6LX6Z/ref=sr_1_21?keywords=pc&qid=1687391139&sr=8-21
"iBUYPOWER SlateMR Gaming PC Computer Desktop SlateMR 2150V2 (Intel Core i5 12400F 2.5 GHz, GeForce GTX 1650 4GB, 8 GB DDR4 RAM, 500 GB NVMe SSD, WiFi Ready, Windows 11 Home)  ",4.4,"3,688  ",769.99,https://amazon.com/iBUYPOWER-SlateMR-Computer-Desktop-GeForce/dp/B0BT4PMNY4/ref=sr_1_22?keywords=pc&qid=1687391139&sr=8-22
"SkyTech Chronos Mini Gaming Computer PC Desktop - Intel Core-i3 10100F 3.6GHz, GTX 1650 4G, 500GB SSD, 8G 3000, RGB Fans, AC WiFi, Windows 10 Home 64-bit  ",4.4,235  ,599.99,https://amazon.com/SkyTech-Chronos-Gaming-Computer-Desktop/dp/B09JBQN8P5/ref=sr_1_23?keywords=pc&qid=1687391139&sr=8-23
"Dell OptiPlex 3040 Small Form Factor PC, Intel Quad Core i5 6500 up to 3.6GHz, 16G DDR3L, 1T, WiFi, BT 4.0, Windows 10 Pro 64-Multi-Language Support English/Spanish/French(Renewed)  ",4.2,104  ,93.76,https://amazon.com/Dell-OptiPlex-3040-Windows-64-Multi-Language/dp/B07TVN5G8N/ref=sr_1_24?keywords=pc&qid=1687391139&sr=8-24
"Skytech Shiva II Gaming PC Desktop – Intel Core i5 12400F 2.5 GHz, NVIDIA RTX 3060, 500GB NVME SSD, 16GB DDR4 RAM 3200, 650W Gold PSU, 11AC Wi-Fi, Windows 11 Home 64-bit,White  ",4.3,39  ,999.99,https://amazon.com/Skytech-Shiva-II-Gaming-Desktop/dp/B0B52WGJRR/ref=sr_1_25?keywords=pc&qid=1687391139&sr=8-25
"Alarco Gaming PC Desktop Computer Intel i7 3.40GHz,16GB Ram,1TB Hard Drive,Windows 10 pro,WiFi Ready,Video Card Nvidia GTX 750 4GB, 6 RGB Fans with Remote  ",3.1,105  ,469.99,https://amazon.com/Alarco-Desktop-Computer-3-40GHz-Windows/dp/B0BFTPRZ1Z/ref=sr_1_26?keywords=pc&qid=1687391139&sr=8-26
"MXZ Gaming Desktop PC Computer I3 13100F,GTX1660S,16G DDR4, NVME 500GB SSD, 6 RBG Fans, Windows 10 Pro Ready to use (I3 13100F| GTX1660S)  ",4.3,18  ,739.0,https://amazon.com/sspa/click?ie=UTF8&spc=MTo0NTI4OTc4NDM1Nzc1ODQ2OjE2ODczOTExMzk6c3BfbXRmOjIwMDE3OTc1NjIwMDA5ODo6MDo6&url=%2FMXZ-Desktop-Computer-GTX1660S-Windows%2Fdp%2FB0C5D3CRV3%2Fref%3Dsr_1_27_sspa%3Fkeywords%3Dpc%26qid%3D1687391139%26sr%3D8-27-spons%26sp_csd%3Dd2lkZ2V0TmFtZT1zcF9tdGY%26psc%3D1
"MXZ Gaming Desktop Computer, AMD Ryzen 5 5500, RTX 3060 12GB,16GB DDR4, 6RGB Fans, Win 10 Pro Ready, Gamer Desktop Computer(R5 5500| RTX3060)  ",4.1,36  ,899.0,https://amazon.com/sspa/click?ie=UTF8&spc=MTo0NTI4OTc4NDM1Nzc1ODQ2OjE2ODczOTExMzk6c3BfbXRmOjIwMDA5ODgzMzkyNTA5ODo6MDo6&url=%2FMXZ-Gaming-Desktop-Computer-RTX3060%2Fdp%2FB0BGLK22QZ%2Fref%3Dsr_1_28_sspa%3Fkeywords%3Dpc%26qid%3D1687391139%26sr%3D8-28-spons%26sp_csd%3Dd2lkZ2V0TmFtZT1zcF9tdGY%26psc%3D1
"STGAubron Gaming Desktop PC,Intel Core i7 3.4G up to 3.9G,GeForce RTX 2060 Super 8G GDDR6,32G,1TB SSD,WiFi,BT 5.0,RGB Keybaord,RGB Mouse,RGB Mouse Pad,RGB BT Sound Bar,RGB Bluetooth Headset Mic,W10H64  ",3.5,42  ,594.99,https://amazon.com/STGAubron-Desktop-GeForce-Keybaord-Bluetooth/dp/B0BNBZYR5L/ref=sr_1_29?keywords=pc&qid=1687391139&sr=8-29
"STGAubron Gaming Desktop PC,Intel Core i7 up to 3.9G,GeForce RTX 3060 12G GDDR6,32G,1TB SSD,WiFi,BT 5.0,RGB Fanx6,RGB Keybaord,RGB Mouse,Mouse Pad,RGB Bluetooth Sound Bar,RGB BT Gaming Mic,W10H64  ",3.8,38  ,799.99,https://amazon.com/STGAubron-Desktop-GeForce-Keybaord-Bluetooth/dp/B0BNBYLYGV/ref=sr_1_30?keywords=pc&qid=1687391139&sr=8-30
"Skytech Gaming Archangel Gaming Computer PC Desktop – Intel Core-i5 10400F 2.9GHz, GTX 1660 Super 6G, 500GB SSD, 16GB DDR4 3200MHz, RGB Fans, Windows 10 Home 64-bit, 802.11AC Wi-Fi, White  ",4.4,121  ,1210.54,https://amazon.com/Skytech-Gaming-Archangel-Computer-Desktop/dp/B09JKGXVBT/ref=sr_1_31?keywords=pc&qid=1687391139&sr=8-31
Dell Optiplex 7010 SFF Desktop PC - Intel Core i5-3470 3.2GHz 4GB 250GB DVD Windows 10 Pro (Renewed)  ,3.9,209  ,100.0,https://amazon.com/Dell-Optiplex-7010-SFF-Desktop/dp/B013RG6DE0/ref=sr_1_32?keywords=pc&qid=1687391139&sr=8-32
"HP Elite Desktop PC Computer | Intel Quad-Core i5 | 8GB Ram | 1TB HDD | 24 Inch LCD Monitor (1080p HDMI), RGB Keyboard + Mouse | Desk Speakers | WiFi + Bluetooth | Windows 10 (Renewed)  ",3.8,680  ,209.33,https://amazon.com/HP-Computer-Quad-Core-Keyboard-Bluetooth/dp/B09YXBCXS9/ref=sr_1_33?keywords=pc&qid=1687391139&sr=8-33
"CyberpowerPC Gamer Xtreme VR Gaming PC, Intel Core i5-9400F 2.9GHz, NVIDIA GeForce GTX 1660 6GB, 8GB DDR4, 240GB SSD, 1TB HDD, WiFi Ready & Win 10 Home (GXiVR8060A8, Black)  ",4.6,"5,315  ",1217.0,https://amazon.com/CYBERPOWERPC-Xtreme-i5-9400F-GeForce-GXiVR8060A8/dp/B07VGJDKZ4/ref=sr_1_34?keywords=pc&qid=1687391139&sr=8-34
"Dell Optiplex 9020 Ultra Small Desktop Computer PC (Intel Core i5-4570S, 8GB Ram, 256GB Solid State SSD, WiFi, Bluetooth, HDMI Win 10 Pro (Renewed)  ",4.2,224  ,106.69,https://amazon.com/Dell-Optiplex-Computer-i5-4570S-Bluetooth/dp/B08K1XCX5S/ref=sr_1_35?keywords=pc&qid=1687391139&sr=8-35
"Dell OptiPlex 7050 Small Form Factor, Intel Core Quad i7 6700 up to 4.0 GHz, 16G DDR4, 1T SSD, 4K Support, WiFi, BT 4.0, DVDRW, DP, HDMI, Win 10 Pro 64-Multi-Language Support En/Sp/Fr(Renewed)  ",4.0,73  ,189.18,https://amazon.com/Dell-OptiPlex-7050-64-Multi-Language-Support/dp/B081D5WS4Z/ref=sr_1_36?keywords=pc&qid=1687391139&sr=8-36
"HIGOLEPC Mini PC Windows 11 PRO, Intel Celeron J4125 Mini Computer, 8GB DDR4 128GB EMMC Mini Desktop Computer With IPS screen,Small PC Support 4K HDMI Double Display, WiFi 6.0, BT5.2, Gigabit Ethernet  ",3.7,119  ,299.99,https://amazon.com/sspa/click?ie=UTF8&spc=MTo0NTI4OTc4NDM1Nzc1ODQ2OjE2ODczOTExMzk6c3BfYnRmOjIwMDE2NTg1NDAwNTg5ODo6MDo6&url=%2FHIGOLEPC-PC-PRO-Computer-Ethernet%2Fdp%2FB0BCVXLD5W%2Fref%3Dsr_1_37_sspa%3Fkeywords%3Dpc%26qid%3D1687391139%26sr%3D8-37-spons%26sp_csd%3Dd2lkZ2V0TmFtZT1zcF9idGY%26psc%3D1
"YABER V10 5G WiFi Bluetooth Projector, 15000L Full HD Native 1080P Projector 4K Support, 2023 Upgraded 4D/4P Keystone&Zoom, Home Theater&Outdoor Video Projector for Smartphone/TV Stick/PC/PPT/PS5  ",4.4,965  ,279.99,https://amazon.com/sspa/click?ie=UTF8&spc=MTo0MjkwOTMxOTQ5MDIyNTI5OjE2ODczOTExNDM6c3BfYXRmX25leHQ6MjAwMTcxMDUyODgxNjk4OjowOjo&url=%2FYABER-V10-Bluetooth-Projector-Carrying%2Fdp%2FB096RRP5V7%2Fref%3Dsr_1_33_sspa%3Fkeywords%3Dpc%26qid%3D1687391143%26sr%3D8-33-spons%26sp_csd%3Dd2lkZ2V0TmFtZT1zcF9hdGZfbmV4dA%26psc%3D1
"MXZ Gaming Desktop PC Computer I3 13100F,GTX1660S,16G DDR4, NVME 500GB SSD, 6 RBG Fans, Windows 10 Pro Ready to use (I3 13100F| GTX1660S)  ",4.3,18  ,739.0,https://amazon.com/sspa/click?ie=UTF8&spc=MTo0MjkwOTMxOTQ5MDIyNTI5OjE2ODczOTExNDM6c3BfYXRmX25leHQ6MjAwMTc5NzU2MjAwMDk4OjowOjo&url=%2FMXZ-Desktop-Computer-GTX1660S-Windows%2Fdp%2FB0C5D3CRV3%2Fref%3Dsr_1_34_sspa%3Fkeywords%3Dpc%26qid%3D1687391143%26sr%3D8-34-spons%26sp_csd%3Dd2lkZ2V0TmFtZT1zcF9hdGZfbmV4dA%26psc%3D1
"HP Elite Desktop PC Computer | Intel Quad-Core i5 | 8GB Ram | 1TB HDD | 24 Inch LCD Monitor (1080p HDMI), RGB Keyboard + Mouse | Desk Speakers | WiFi + Bluetooth | Windows 10 (Renewed)  ",3.8,680  ,209.33,https://amazon.com/HP-Computer-Quad-Core-Keyboard-Bluetooth/dp/B09YXBCXS9/ref=sr_1_35?keywords=pc&qid=1687391143&sr=8-35
"MINISFORUM Neptune HX99G Mini PC Windows 11 Pro AMD Ryzen 9 6900HX 32GB DDR5 1TB SSD AMD Radeon RX 6600M Mini Gaming PC Wi-Fi 6E/BT5.2, 2xHDMI, 2X USB4 Port, 2X Slot PCIe/Sata SSD, 5X USB3.2 Port  ",4.3,185  ,927.2,https://amazon.com/MINISFORUM-Neptune-HX99G-Windows-6900HX/dp/B0BTP4KMX2/ref=sr_1_36?keywords=pc&qid=1687391143&sr=8-36
"Skytech Blaze 3.0 Gaming PC Desktop – Intel Core i5 12400F 2.5 GHz, NVIDIA RTX 3060, 500GB NVME SSD, 16GB DDR4 RAM 3200, 600W Gold PSU, 11AC Wi-Fi, Windows 11 Home 64-bit  ",4.3,104  ,1099.22,https://amazon.com/Skytech-Blaze-3-0-Gaming-Desktop/dp/B0B52VH28X/ref=sr_1_37?keywords=pc&qid=1687391143&sr=8-37
"Alarco Gaming PC Desktop Computer Intel i7 3.40GHz,16GB Ram,1TB Hard Drive,Windows 10 pro,WiFi Ready,Video Card Nvidia GTX 750 4GB, 6 RGB Fans with Remote  ",3.1,105  ,469.99,https://amazon.com/Alarco-Desktop-Computer-3-40GHz-Windows/dp/B0BFTPRZ1Z/ref=sr_1_38?keywords=pc&qid=1687391143&sr=8-38
"HP EliteDesk 800 G2 Mini Business Desktop PC Intel Quad-Core i5-6500T up to 3.1G,8G DDR4,240G SSD,VGA,DP port,Windows 10 Professional 64 Bit-Multi-Language-English/Spanish (Renewed)  ",4.4,587  ,99.49,https://amazon.com/EliteDesk-800-Mini-Professional-Bit-Multi-Language-English/dp/B07J2TFW5T/ref=sr_1_39?keywords=pc&qid=1687391143&sr=8-39
"Dell RGB Gaming Desktop PC, Intel Quad I5 up to 3.6GHz, GeForce GTX 1660 Super 6G GDDR6, 16GB RAM, 128G SSD + 2TB, DVD, WiFi & Bluetooth, RGB Keyboard & Mouse, Win 10 Pro (Renewed)  ",3.8,60  ,339.99,https://amazon.com/Dell-Desktop-GeForce-Bluetooth-Keyboard/dp/B0BNH3M2F6/ref=sr_1_40?keywords=pc&qid=1687391143&sr=8-40
TRIGKEY Mini PC Ryzen 7 8 Core 16 Thread Micro Computer W11 Desktop 5800H（Up to 4.4GHz） 32G DDR4+1TB NVME SSD Micro PC | 8Core 2000MHz HD Graphics | WiFi-6 | BT 5.2 | Dual HDMI | Type-C | USB 3.2  ,4.3,123  ,509.0,https://amazon.com/TRIGKEY-Mini-PC-Computer-5800H%EF%BC%88Up/dp/B0C493HBLN/ref=sr_1_41?keywords=pc&qid=1687391143&sr=8-41
"MXZ Gaming Desktop Computer, AMD Ryzen 5 5500, RTX 3060 12GB,16GB DDR4, 6RGB Fans, Win 10 Pro Ready, Gamer Desktop Computer(R5 5500| RTX3060)  ",4.1,36  ,899.0,https://amazon.com/sspa/click?ie=UTF8&spc=MTo0MjkwOTMxOTQ5MDIyNTI5OjE2ODczOTExNDM6c3BfbXRmOjIwMDA5ODgzMzkyNTA5ODo6MDo6&url=%2FMXZ-Gaming-Desktop-Computer-RTX3060%2Fdp%2FB0BGLK22QZ%2Fref%3Dsr_1_43_sspa%3Fkeywords%3Dpc%26qid%3D1687391143%26sr%3D8-43-spons%26sp_csd%3Dd2lkZ2V0TmFtZT1zcF9tdGY%26psc%3D1
"comica VM30 Shotgun Microphone - Professional Wireless Mic for Camera, Smartphone, and PC with 70/150Hz, 328' Range, Digital/Analog Output- Perfect for Video Recording, Podcasting, and Vlogging  ",4.5,7  ,189.0,https://amazon.com/sspa/click?ie=UTF8&spc=MTo0MjkwOTMxOTQ5MDIyNTI5OjE2ODczOTExNDM6c3BfbXRmOjIwMDE3NzMxMjc5MTU5ODo6MDo6&url=%2Fcomica-VM30-Shotgun-Microphone-Professional%2Fdp%2FB0C5LG43CS%2Fref%3Dsr_1_44_sspa%3Fkeywords%3Dpc%26qid%3D1687391143%26sr%3D8-44-spons%26sp_csd%3Dd2lkZ2V0TmFtZT1zcF9tdGY%26psc%3D1
"Dell PC Treasure Box RGB Desktop Computer Intel Quad Core I5 up to 3.6G, 16G, 512G SSD, WiFi & Bluetooth, RGB Gaming PC Keyboard & Mouse, DVD, Windows 10 Pro (Renewed) (Diamond Black)  ",4.3,"3,424  ",159.99,https://amazon.com/Dell-Treasure-Desktop-Computer-Bluetooth/dp/B0BB37DG68/ref=sr_1_45?keywords=pc&qid=1687391143&sr=8-45
Dell Optiplex 7010 SFF Desktop PC - Intel Core i5-3470 3.2GHz 4GB 250GB DVD Windows 10 Pro (Renewed)  ,3.9,209  ,100.0,https://amazon.com/Dell-Optiplex-7010-SFF-Desktop/dp/B013RG6DE0/ref=sr_1_46?keywords=pc&qid=1687391143&sr=8-46
"Skytech Archangel Gaming PC Desktop – AMD Ryzen 5 3600 3.6 GHz, NVIDIA RTX 3060, 1TB NVME SSD, 16GB DDR4 RAM 3200, 600W Gold PSU, 11AC Wi-Fi, Windows 11 Home 64-bit  ",4.4,467  ,939.99,https://amazon.com/Skytech-Archangel-Gaming-PC-Desktop/dp/B0BQXJY6KQ/ref=sr_1_47?keywords=pc&qid=1687391143&sr=8-47
"Dell Gaming Precision 3620 Tower Desktop PC, Intel Quad Core I5-6500 up to 3.6GHz, GeForce RTX 2060 Super 8G GDDR6, 32G DDR4, 256G SSD+3T, RGB Keybaord & Mouse, DVD, WiFi, BT, Win10P64 (Renewed)  ",4.0,17  ,454.99,https://amazon.com/Dell-Precision-Desktop-Keybaord-Win10P64/dp/B0BXYBJRJV/ref=sr_1_48?keywords=pc&qid=1687391143&sr=8-48
"KAMRUI GK3 Plus Mini PC 16GB RAM 512GB M.2 SSD, Intel 12th Alder Lake N95 (up to 3.4GHz) Mini PC Windows 11 Pro, 2.5''SSD, Gigabit Ethernet, 4K UHD, WiFi, BT, VESA/Home/Business Mini Desktop Computer  ",4.6,498  ,259.95,https://amazon.com/KAMRUI-GK3-2-5-inch-Ethernet-Business/dp/B0BC7S9R5C/ref=sr_1_49?keywords=pc&qid=1687391143&sr=8-49
"KAMRUI Mini PC with AMD Ryzen 5 5500U 6C/12T Processor Up to 4.0Ghz, 16GB DDR4 512GB SSD Windows 11 Pro Small Form Factor Desktop Computer Support 4K UHD, WiFi/BT, Home Server, Office, Business  ",4.4,169  ,279.99,https://amazon.com/KAMRUI-Processor-Windows-Computer-Business/dp/B0C1M822S2/ref=sr_1_50?keywords=pc&qid=1687391143&sr=8-50
Lenovo IdeaCentre Gaming 5i - 2022 - Gaming Desktop - NVIDIA GeForce RTX 3050 - Intel i5 12400-8GB RAM - 512GB SSD - Win 11 - Black - Mouse & Keyboard - Free 3-Month Xbox GamePass  ,4.2,29  ,749.99,https://amazon.com/Lenovo-IdeaCentre-Gaming-5i-12400-8GB/dp/B0BDR8YKF1/ref=sr_1_51?keywords=pc&qid=1687391143&sr=8-51
"STGAubron Gaming Desktop PC Computer,Intel Core I7 3.4GHz up to 3.9GHz, GeForce GTX 1660 Ti 6G GDDR6, 16G RAM, 512G SSD, WiFi, BT 5.0, RGB Fanx6, RGB Keyboard&Mouse&Mouse Pad, RGB BT Sound Bar, W10H64  ",3.4,48  ,519.99,https://amazon.com/STGAubron-Desktop-Computer-GeForce-Keyboard/dp/B0BK55THS6/ref=sr_1_52?keywords=pc&qid=1687391143&sr=8-52
"HIGOLEPC Mini PC Windows 11 PRO, Intel Celeron J4125 Mini Computer, 8GB DDR4 128GB EMMC Mini Desktop Computer With IPS screen,Small PC Support 4K HDMI Double Display, WiFi 6.0, BT5.2, Gigabit Ethernet  ",3.7,119  ,299.99,https://amazon.com/sspa/click?ie=UTF8&spc=MTo0MjkwOTMxOTQ5MDIyNTI5OjE2ODczOTExNDM6c3BfYnRmOjIwMDE2NTg1NDAwNTg5ODo6MDo6&url=%2FHIGOLEPC-PC-PRO-Computer-Ethernet%2Fdp%2FB0BCVXLD5W%2Fref%3Dsr_1_53_sspa%3Fkeywords%3Dpc%26qid%3D1687391143%26sr%3D8-53-spons%26sp_csd%3Dd2lkZ2V0TmFtZT1zcF9idGY%26psc%3D1
"MXZ Gaming PC Computer I5 10400F, RTX2060S, 8GB*2 DDR4, NVME M2 500G, 6RGB Fans,Windows 10 Pro Ready to use, Gamer Desktop Computer(I5 10400F| RTX2060S)  ",4.1,8  ,759.0,https://amazon.com/sspa/click?ie=UTF8&spc=MTo0MjkwOTMxOTQ5MDIyNTI5OjE2ODczOTExNDM6c3BfYnRmOjIwMDEyMjM1NTY1OTk5ODo6MDo6&url=%2FMXZ-Computer-RTX2060S-Windows-Desktop%2Fdp%2FB0BN7T3HY8%2Fref%3Dsr_1_54_sspa%3Fkeywords%3Dpc%26qid%3D1687391143%26sr%3D8-54-spons%26sp_csd%3Dd2lkZ2V0TmFtZT1zcF9idGY%26psc%3D1
"YABER V10 5G WiFi Bluetooth Projector, 15000L Full HD Native 1080P Projector 4K Support, 2023 Upgraded 4D/4P Keystone&Zoom, Home Theater&Outdoor Video Projector for Smartphone/TV Stick/PC/PPT/PS5  ",4.4,965  ,279.99,https://amazon.com/sspa/click?ie=UTF8&spc=MTo1MDkxNjY3MTc4NzU2MTgwOjE2ODczOTExNDU6c3BfYXRmX25leHQ6MjAwMTcxMDUyODgxNjk4OjowOjo&url=%2FYABER-V10-Bluetooth-Projector-Carrying%2Fdp%2FB096RRP5V7%2Fref%3Dsr_1_49_sspa%3Fkeywords%3Dpc%26qid%3D1687391145%26sr%3D8-49-spons%26sp_csd%3Dd2lkZ2V0TmFtZT1zcF9hdGZfbmV4dA%26psc%3D1
"wowe Mini PC with AMD Excavator A9-9400 up to 3.2GHz, 8G DDR4, 128G SSD, Windows 10, adeon R5 Series Supports 4K@30Hz HD Dual Display,2* HDMI 2.0,Dual Band WiFi, Gigabit Ethernet, USB 3.1  ",3.8,48  ,98.99,https://amazon.com/sspa/click?ie=UTF8&spc=MTo1MDkxNjY3MTc4NzU2MTgwOjE2ODczOTExNDU6c3BfYXRmX25leHQ6MjAwMDkzODg5Mzk0NTk4OjowOjo&url=%2Fwowe-Excavator-A9-9400-Supports-Ethernet%2Fdp%2FB0B6VQMKCM%2Fref%3Dsr_1_50_sspa%3Fkeywords%3Dpc%26qid%3D1687391145%26sr%3D8-50-spons%26sp_csd%3Dd2lkZ2V0TmFtZT1zcF9hdGZfbmV4dA%26psc%3D1
"ViprTech Whiteout Gaming PC Desktop Computer - AMD Ryzen 5 5600G (12-Core 4.4Ghz), AMD Radeon RX Vega 7 Graphics, 16GB DDR4 RAM, 128GB NVMe SSD, 1TB HDD, WiFi, RGB, 1 Year Warranty, Black  ",3.5,97  ,559.99,https://amazon.com/ViprTech-Whiteout-Gaming-Desktop-Computer/dp/B09YMTKMN8/ref=sr_1_51?keywords=pc&qid=1687391145&sr=8-51
"AOOSTAR Mini PC, Mini Computer AMD Ryzen 5 5500U (6C/12T, up to 4.0 GHz), 16GB DDR4 512G NVME SSD Mini Desktop Computer Windows 11, 3-in-1 Mini PC Soft Router NAS 2 Bays with WiFi 6 Dual 2.5G LAN  ",4.6,3  ,399.0,https://amazon.com/AOOSTAR-Computer-AMD-Ryzen-5500U/dp/B0C1RJQVRX/ref=sr_1_52?keywords=pc&qid=1687391145&sr=8-52
"Dell OptiPlex 7040 Small Form Factor RGB Desktop PC, Intel Quad Core i5-6500 up to 3.6GHz, 16G DDR4, 512G SSD, Windows 10 Pro 64 Bit-Multi-Language (Renewed)  ",4.3,395  ,168.99,https://amazon.com/Dell-OptiPlex-7040-Desktop-Bit-Multi-Language/dp/B0C15LRBKD/ref=sr_1_53?keywords=pc&qid=1687391145&sr=8-53
Bmax Mini PC Windows 11 Pro N4020(up to 2.8GHz) 6GB DDR4 128GB eMMC Mini Desktop Computer 4K USB 3.0 x4 HDMI VGA Dual Band WiFi RJ45 BT 4.2 Micro PC Mini Computer  ,4.2,160  ,109.99,https://amazon.com/Windows-Desktop-Computer-Intel-Gemini/dp/B09VXG2FGP/ref=sr_1_54?keywords=pc&qid=1687391145&sr=8-54
"Skytech Nebula Gaming PC Desktop – Intel Core i5 12400F 2.5 GHz, RTX 3050, 1TB NVME SSD, 16G DDR4 3200, 600W Gold PSU, AC Wi-Fi, Windows 10 Home 64-bit  ",4.5,"2,020  ",849.99,https://amazon.com/Skytech-Nebula-Gaming-PC-Desktop/dp/B0BFHBX3BB/ref=sr_1_55?keywords=pc&qid=1687391145&sr=8-55
"KAMRUI AK1 Plus Mini PC, Intel 12th Gen N95(up to 3.4GHz) Mini Desktop Computers Windows 11 Pro, 8GB RAM/256GB M.2 SSD Micro Computer Tower Support 4K UHD, Dual Wi-Fi, BT 4.2 for Business Home Office  ",4.5,409  ,199.94,https://amazon.com/KAMRUI-AK1-Computers-Computer-Business/dp/B0B8BQ42DB/ref=sr_1_56?keywords=pc&qid=1687391145&sr=8-56
"ROG Strix G15 Gaming Desktop PC, Intel Core i7-12700F, GeForce RTX 3060 12GB, 16GB DDR4 RAM, 1TB PCIe 4.0 SSD, Windows 11 Home, G15CF-AB766  ",4.2,87  ,1237.28,https://amazon.com/Desktop-i7-12700F-GeForce-Windows-G15CF-AB766/dp/B0BDTWQ2DW/ref=sr_1_57?keywords=pc&qid=1687391145&sr=8-57
"Beelink GTR6 AMD Mini PC, Ryzen 9 6900HX (Max 4.9 GHz) 8 Cores Mini Desktop, 32GB DDR5+500GB PCIe 4.0 SSD Micro Computer, Small Gaming PC, 8K Quad Displays, WiFi 6E, 2.5Gbps LAN, BT5.2  ",4.2,14  ,729.0,https://amazon.com/Beelink-Desktop-Computer-Displays-2-5Gbps/dp/B0BRXSXX7S/ref=sr_1_58?keywords=pc&qid=1687391145&sr=8-58
"MXZ Gaming Desktop PC Computer I3 13100F,GTX1660S,16G DDR4, NVME 500GB SSD, 6 RBG Fans, Windows 10 Pro Ready to use (I3 13100F| GTX1660S)  ",4.3,18  ,739.0,https://amazon.com/sspa/click?ie=UTF8&spc=MTo1MDkxNjY3MTc4NzU2MTgwOjE2ODczOTExNDU6c3BfbXRmOjIwMDE3OTc1NjIwMDA5ODo6MDo6&url=%2FMXZ-Desktop-Computer-GTX1660S-Windows%2Fdp%2FB0C5D3CRV3%2Fref%3Dsr_1_59_sspa%3Fkeywords%3Dpc%26qid%3D1687391145%26sr%3D8-59-spons%26sp_csd%3Dd2lkZ2V0TmFtZT1zcF9tdGY%26psc%3D1
"MXZ Gaming Desktop Computer, AMD Ryzen 5 5500, RTX 3060 12GB,16GB DDR4, 6RGB Fans, Win 10 Pro Ready, Gamer Desktop Computer(R5 5500| RTX3060)  ",4.1,36  ,899.0,https://amazon.com/sspa/click?ie=UTF8&spc=MTo1MDkxNjY3MTc4NzU2MTgwOjE2ODczOTExNDU6c3BfbXRmOjIwMDA5ODgzMzkyNTA5ODo6MDo6&url=%2FMXZ-Gaming-Desktop-Computer-RTX3060%2Fdp%2FB0BGLK22QZ%2Fref%3Dsr_1_60_sspa%3Fkeywords%3Dpc%26qid%3D1687391145%26sr%3D8-60-spons%26sp_csd%3Dd2lkZ2V0TmFtZT1zcF9tdGY%26psc%3D1
"KAMRUI Mini PC AM06PRO, AMD Ryzen 5 5500U(6C/12T, up to 4.0 GHz), Mini PC Windows 11 Pro 16GB DDR4 512GB M.2 2280 NVME SSD Mini Desktop Computer, Support 2.5 Inch HDD Dual Ethernet HDMI/Type-C/Wifi5  ",4.6,79  ,299.95,https://amazon.com/KAMRUI-AM06PRO-Windows-Computer-Ethernet/dp/B0BYV734WY/ref=sr_1_61?keywords=pc&qid=1687391145&sr=8-61
"ACEMAGICIAN Mini PC Intel i7 10810U, 16GB RAM 512GB M.2 2280 SSD Mini Computers, Mini Desktop Computer Windows 11 Pro 4K/WiFi5/BT 4.2/Dual HDMI/LAN/USB 3.0/VESA/Auto Power On/Office Home  ",4.6,48  ,448.98,https://amazon.com/ACEMAGICIAN-Computers-Desktop-Computer-Windows/dp/B0BNL6D4CY/ref=sr_1_62?keywords=pc&qid=1687391145&sr=8-62
"AVGPC Hellfire Series Gaming PC - AMD Ryzen 5 5600G 6-Core 3.90 GHz, RTX 2060 Super 8GB DDR6, 16GB 3200MHz DDR4, 1TB NVMe SSD, 240mm Liquid Cooler, ARGB Fans, MasterBox 3.1 Lite TG Case, Windows 10  ",4.3,262  ,799.0,https://amazon.com/AVGPC-Hellfire-Gaming-PC-MasterBox/dp/B0BJLB188N/ref=sr_1_63?keywords=pc&qid=1687391145&sr=8-63
"HP 600 G2 Micro Computer Mini Tower PC (Intel Quad Core i7-6700T, 32GB DDR4 Ram,512GB Solid State SSD, WiFi, VGA, USB 3.0) Win 10 Pro (Renewed)  ",4.3,79  ,211.9,https://amazon.com/HP-Computer-PC-i7-6700T-Renewed/dp/B08VD4K6ZQ/ref=sr_1_64?keywords=pc&qid=1687391145&sr=8-64
"Mini PC Intel 12th i9-12900H, 14Cores 20Threads Max to 5.0GHZ, Mini Gaming Desktop Computer, Build in Thunderbolt 4, 2x2.5G Intel Ethernet,4x4K Output, 32G RAM 1TB PCIE 4.0 SSD,WiFi 6 Windows 11Pro  ",5.0,5  ,799.99,https://amazon.com/i9-12900H-20Threads-Computer-Thunderbolt-Ethernet/dp/B0C4H3JLLD/ref=sr_1_65?keywords=pc&qid=1687391145&sr=8-65
"GEEKOM Mini PC Mini IT11,Intel Core i7-11390H Mini Computers (8 Threads, Up to 5.0 GHz),16GB DDR4/512GB M.2 SSD Windows 11 Pro Small Desktop Computer,Support 8K UHD/WiFi 6/Bluetooth 5.2/USB4.0  ",4.7,131  ,599.99,https://amazon.com/GEEKOM-Mini-i7-11390H-Computers-Bluetooth/dp/B0B7JCJJL7/ref=sr_1_66?keywords=pc&qid=1687391145&sr=8-66
Bmax B1 Plus Mini PC Windows 10 Pro N3350(up to 2.4GHz) 6GB DDR3/64GB eMMC Mini Desktop Computer HDMI/VGA Port 4K HD Gigabit Ethernet 2.4GHz/5GHz Dual WiFi BT4.2 Micro Pc Mini Computer  ,4.1,261  ,89.99,https://amazon.com/Bmax-B1-Plus-Computer-Ethernet/dp/B0BHP34TH1/ref=sr_1_67?keywords=pc&qid=1687391145&sr=8-67
"Beelink Ryzen 7 7735HS Processor Mini Gaming PC, Pre-W11 Pro Mini Computers, USB4.0 40Gbps, Triple displays with HDMI+DP+USB 4.0, 500GB PCIe 4.0 SSD, Dual Channel 32GB DDR5, Wi-Fi 6, Bluetooth 5.2  ",4.3,123  ,649.0,https://amazon.com/Beelink-Processor-Computers-displays-Bluetooth/dp/B0BZY28RZH/ref=sr_1_68?keywords=pc&qid=1687391145&sr=8-68
"HIGOLEPC Mini PC Windows 11 Pro, 8GB RAM 128GB EMMC Intel Celeron J4125 Processor (up to 2.7GHz) Mini Computer With IPS screen,Small PC Support 4K HDMI Double Display, WiFi 6.0, BT5.2,Gigabit Ethernet  ",3.7,119  ,239.99,https://amazon.com/sspa/click?ie=UTF8&spc=MTo1MDkxNjY3MTc4NzU2MTgwOjE2ODczOTExNDU6c3BfYnRmOjIwMDE2NTg1NDAwNTk5ODo6MDo6&url=%2FHIGOLEPC-PC-Processor-Computer-Ethernet%2Fdp%2FB0BKZ9MS2R%2Fref%3Dsr_1_69_sspa%3Fkeywords%3Dpc%26qid%3D1687391145%26sr%3D8-69-spons%26sp_csd%3Dd2lkZ2V0TmFtZT1zcF9idGY%26psc%3D1
"Mini PC with Speaker, Intel i7 11390H(4C/8T, up to 5.0GHz) 16GB DDR4 512GB NVME SSD, Micro Desktop Computer Support 8K UHD/WiFi 6/BT5.2/USB4.0, Small PC Windows 11 Pro with Fingerprint Login  ",4.6,126  ,469.0,https://amazon.com/sspa/click?ie=UTF8&spc=MTo1MDkxNjY3MTc4NzU2MTgwOjE2ODczOTExNDU6c3BfYnRmOjIwMDE3MzE3OTQzMjQ5ODo6MDo6&url=%2FACEMAGICIAN-Windows-Desktop-Computer-Fingerprint%2Fdp%2FB0C4PGJXT5%2Fref%3Dsr_1_70_sspa%3Fkeywords%3Dpc%26qid%3D1687391145%26sr%3D8-70-spons%26sp_csd%3Dd2lkZ2V0TmFtZT1zcF9idGY%26psc%3D1
